Workbook

Sheet Legend
A1: Signyales Survey Analysis Template — Legend
A3: How to use this workbook
A4: 1. Export/copy Google Forms responses into the 'Raw Responses' sheet, matching the column order exactly.
A5: 2. Enter one row per respondent. Column order matches the Research Instrument document's item order.
A6: 3. 'Demographics Summary' and 'Likert Analysis' update automatically — no manual copying needed.
A7: 4. Likert items are scored 1 (Strongly Disagree) to 5 (Strongly Agree), matching the Research Instrument.
A8: 5. Yellow-filled cells are the only cells meant to be edited directly; every other cell is a formula.
A11: Weighted Mean Interpretation Scale
A12: Range Low | B12: Range High | C12: Verbal Interpretation
A13: 4.2 | B13: 5 | C13: Strongly Agree
A14: 3.4 | B14: 4.19 | C14: Agree
A15: 2.6 | B15: 3.39 | C15: Neutral
A16: 1.8 | B16: 2.59 | C16: Disagree
A17: 1 | B17: 1.79 | C17: Strongly Disagree

Sheet Raw Responses
A1: Paste/enter one row per respondent below, in this exact column order.
A2: Respondent ID | B2: Timestamp | C2: Age Bracket | D2: Sex | E2: Hearing Status | F2: FSL Proficiency | G2: Prior AT Experience | H2: PU1 | I2: PU2 | J2: PU3 | K2: PEOU1 | L2: PEOU2 | M2: PEOU3 | N2: SYSQ1 | O2: SYSQ2 | P2: SYSQ3 | Q2: BI1 | R2: BI2 | S2: BI3 | T2: Open1_Liked | U2: Open2_Difficulties | V2: Open3_Suggestions
A3: EXAMPLE-DELETE | B3: 2026-01-01 10:00:00 | C3: 18-25 | D3: Female | E3: Deaf | F3: Intermediate | G3: No | H3: 4 | I3: 5 | J3: 4 | K3: 4 | L3: 5 | M3: 4 | N3: 4 | O3: 5 | P3: 4 | Q3: 4 | R3: 5 | S3: 5 | T3: Fast and easy to understand. | U3: Occasionally missed fast signs. | V3: Add more vocabulary.

Sheet Demographics Summary
A1: Demographics Summary (auto-computed from Raw Responses)
A3: Age Bracket
A4: Category | B4: Frequency | C4: Percentage
A5: Under 18 | B5: =COUNTIF('Raw Responses'!C$3:C$202,A5) -> 0 | C5: =IFERROR(B5/$B$10,0) -> 0
A6: 18-25 | B6: =COUNTIF('Raw Responses'!C$3:C$202,A6) -> 1 | C6: =IFERROR(B6/$B$10,0) -> 1
A7: 26-35 | B7: =COUNTIF('Raw Responses'!C$3:C$202,A7) -> 0 | C7: =IFERROR(B7/$B$10,0) -> 0
A8: 36-45 | B8: =COUNTIF('Raw Responses'!C$3:C$202,A8) -> 0 | C8: =IFERROR(B8/$B$10,0) -> 0
A9: 46 and above | B9: =COUNTIF('Raw Responses'!C$3:C$202,A9) -> 0 | C9: =IFERROR(B9/$B$10,0) -> 0
A10: Total | B10: =SUM(B5:B9) -> 1
A13: Sex
A14: Category | B14: Frequency | C14: Percentage
A15: Male | B15: =COUNTIF('Raw Responses'!D$3:D$202,A15) -> 0 | C15: =IFERROR(B15/$B$18,0) -> 0
A16: Female | B16: =COUNTIF('Raw Responses'!D$3:D$202,A16) -> 1 | C16: =IFERROR(B16/$B$18,0) -> 1
A17: Prefer not to say | B17: =COUNTIF('Raw Responses'!D$3:D$202,A17) -> 0 | C17: =IFERROR(B17/$B$18,0) -> 0
A18: Total | B18: =SUM(B15:B17) -> 1
A21: Hearing Status
A22: Category | B22: Frequency | C22: Percentage
A23: Deaf | B23: =COUNTIF('Raw Responses'!E$3:E$202,A23) -> 1 | C23: =IFERROR(B23/$B$26,0) -> 1
A24: Hard of hearing | B24: =COUNTIF('Raw Responses'!E$3:E$202,A24) -> 0 | C24: =IFERROR(B24/$B$26,0) -> 0
A25: Hearing | B25: =COUNTIF('Raw Responses'!E$3:E$202,A25) -> 0 | C25: =IFERROR(B25/$B$26,0) -> 0
A26: Total | B26: =SUM(B23:B25) -> 1
A29: FSL Proficiency
A30: Category | B30: Frequency | C30: Percentage
A31: Beginner | B31: =COUNTIF('Raw Responses'!F$3:F$202,A31) -> 0 | C31: =IFERROR(B31/$B$34,0) -> 0
A32: Intermediate | B32: =COUNTIF('Raw Responses'!F$3:F$202,A32) -> 1 | C32: =IFERROR(B32/$B$34,0) -> 1
A33: Advanced/Fluent | B33: =COUNTIF('Raw Responses'!F$3:F$202,A33) -> 0 | C33: =IFERROR(B33/$B$34,0) -> 0
A34: Total | B34: =SUM(B31:B33) -> 1
A37: Prior AT Experience
A38: Category | B38: Frequency | C38: Percentage
A39: Yes | B39: =COUNTIF('Raw Responses'!G$3:G$202,A39) -> 0 | C39: =IFERROR(B39/$B$41,0) -> 0
A40: No | B40: =COUNTIF('Raw Responses'!G$3:G$202,A40) -> 1 | C40: =IFERROR(B40/$B$41,0) -> 1
A41: Total | B41: =SUM(B39:B40) -> 1

Sheet Likert Analysis
A1: Likert Item Analysis (auto-computed from Raw Responses)
A2: Scale: 1 = Strongly Disagree … 5 = Strongly Agree
A4: Code | B4: Statement | C4: f(1) | D4: f(2) | E4: f(3) | F4: f(4) | G4: f(5) | H4: N | I4: Weighted Mean | J4: SD | K4: Verbal Interpretation
A5: PU1 | B5: The device helps me communicate more effectively using FSL. | C5: =COUNTIF('Raw Responses'!H$3:H$202,1) -> 0 | D5: =COUNTIF('Raw Responses'!H$3:H$202,2) -> 0 | E5: =COUNTIF('Raw Responses'!H$3:H$202,3) -> 0 | F5: =COUNTIF('Raw Responses'!H$3:H$202,4) -> 1 | G5: =COUNTIF('Raw Responses'!H$3:H$202,5) -> 0 | H5: =SUM(C5:G5) -> 1 | I5: =IFERROR(SUMPRODUCT(C5:G5,{1,2,3,4,5})/H5,0) -> 4 | J5: =IFERROR(stdev.s('Raw Responses'!H$3:H$202),0) -> 0 | K5: =IF(H5=0,"",IF(I5>=Legend!$A$13,Legend!$C$13,IF(I5>=Legend!$A$14,Legend!$C$14,IF(I5>=Legend!$A$15,Legend!$C$15,IF(I5>=Legend!$A$16,Legend!$C$16,IF(I5>=Legend!$A$17,Legend!$C$17,"")))))) -> Agree
A6: PU2 | B6: Using this device improves my ability to interact with non-signers. | C6: =COUNTIF('Raw Responses'!I$3:I$202,1) -> 0 | D6: =COUNTIF('Raw Responses'!I$3:I$202,2) -> 0 | E6: =COUNTIF('Raw Responses'!I$3:I$202,3) -> 0 | F6: =COUNTIF('Raw Responses'!I$3:I$202,4) -> 0 | G6: =COUNTIF('Raw Responses'!I$3:I$202,5) -> 1 | H6: =SUM(C6:G6) -> 1 | I6: =IFERROR(SUMPRODUCT(C6:G6,{1,2,3,4,5})/H6,0) -> 5 | J6: =IFERROR(stdev.s('Raw Responses'!I$3:I$202),0) -> 0 | K6: =IF(H6=0,"",IF(I6>=Legend!$A$13,Legend!$C$13,IF(I6>=Legend!$A$14,Legend!$C$14,IF(I6>=Legend!$A$15,Legend!$C$15,IF(I6>=Legend!$A$16,Legend!$C$16,IF(I6>=Legend!$A$17,Legend!$C$17,"")))))) -> Strongly Agree
A7: PU3 | B7: The device provides accurate translations of the signs I perform. | C7: =COUNTIF('Raw Responses'!J$3:J$202,1) -> 0 | D7: =COUNTIF('Raw Responses'!J$3:J$202,2) -> 0 | E7: =COUNTIF('Raw Responses'!J$3:J$202,3) -> 0 | F7: =COUNTIF('Raw Responses'!J$3:J$202,4) -> 1 | G7: =COUNTIF('Raw Responses'!J$3:J$202,5) -> 0 | H7: =SUM(C7:G7) -> 1 | I7: =IFERROR(SUMPRODUCT(C7:G7,{1,2,3,4,5})/H7,0) -> 4 | J7: =IFERROR(stdev.s('Raw Responses'!J$3:J$202),0) -> 0 | K7: =IF(H7=0,"",IF(I7>=Legend!$A$13,Legend!$C$13,IF(I7>=Legend!$A$14,Legend!$C$14,IF(I7>=Legend!$A$15,Legend!$C$15,IF(I7>=Legend!$A$16,Legend!$C$16,IF(I7>=Legend!$A$17,Legend!$C$17,"")))))) -> Agree
A8: PEOU1 | B8: Learning to use the device was easy for me. | C8: =COUNTIF('Raw Responses'!K$3:K$202,1) -> 0 | D8: =COUNTIF('Raw Responses'!K$3:K$202,2) -> 0 | E8: =COUNTIF('Raw Responses'!K$3:K$202,3) -> 0 | F8: =COUNTIF('Raw Responses'!K$3:K$202,4) -> 1 | G8: =COUNTIF('Raw Responses'!K$3:K$202,5) -> 0 | H8: =SUM(C8:G8) -> 1 | I8: =IFERROR(SUMPRODUCT(C8:G8,{1,2,3,4,5})/H8,0) -> 4 | J8: =IFERROR(stdev.s('Raw Responses'!K$3:K$202),0) -> 0 | K8: =IF(H8=0,"",IF(I8>=Legend!$A$13,Legend!$C$13,IF(I8>=Legend!$A$14,Legend!$C$14,IF(I8>=Legend!$A$15,Legend!$C$15,IF(I8>=Legend!$A$16,Legend!$C$16,IF(I8>=Legend!$A$17,Legend!$C$17,"")))))) -> Agree
A9: PEOU2 | B9: The device is comfortable to wear for extended periods. | C9: =COUNTIF('Raw Responses'!L$3:L$202,1) -> 0 | D9: =COUNTIF('Raw Responses'!L$3:L$202,2) -> 0 | E9: =COUNTIF('Raw Responses'!L$3:L$202,3) -> 0 | F9: =COUNTIF('Raw Responses'!L$3:L$202,4) -> 0 | G9: =COUNTIF('Raw Responses'!L$3:L$202,5) -> 1 | H9: =SUM(C9:G9) -> 1 | I9: =IFERROR(SUMPRODUCT(C9:G9,{1,2,3,4,5})/H9,0) -> 5 | J9: =IFERROR(stdev.s('Raw Responses'!L$3:L$202),0) -> 0 | K9: =IF(H9=0,"",IF(I9>=Legend!$A$13,Legend!$C$13,IF(I9>=Legend!$A$14,Legend!$C$14,IF(I9>=Legend!$A$15,Legend!$C$15,IF(I9>=Legend!$A$16,Legend!$C$16,IF(I9>=Legend!$A$17,Legend!$C$17,"")))))) -> Strongly Agree
A10: PEOU3 | B10: I can easily understand how to calibrate and operate the device. | C10: =COUNTIF('Raw Responses'!M$3:M$202,1) -> 0 | D10: =COUNTIF('Raw Responses'!M$3:M$202,2) -> 0 | E10: =COUNTIF('Raw Responses'!M$3:M$202,3) -> 0 | F10: =COUNTIF('Raw Responses'!M$3:M$202,4) -> 1 | G10: =COUNTIF('Raw Responses'!M$3:M$202,5) -> 0 | H10: =SUM(C10:G10) -> 1 | I10: =IFERROR(SUMPRODUCT(C10:G10,{1,2,3,4,5})/H10,0) -> 4 | J10: =IFERROR(stdev.s('Raw Responses'!M$3:M$202),0) -> 0 | K10: =IF(H10=0,"",IF(I10>=Legend!$A$13,Legend!$C$13,IF(I10>=Legend!$A$14,Legend!$C$14,IF(I10>=Legend!$A$15,Legend!$C$15,IF(I10>=Legend!$A$16,Legend!$C$16,IF(I10>=Legend!$A$17,Legend!$C$17,"")))))) -> Agree
A11: SYSQ1 | B11: The device recognized my gestures quickly. | C11: =COUNTIF('Raw Responses'!N$3:N$202,1) -> 0 | D11: =COUNTIF('Raw Responses'!N$3:N$202,2) -> 0 | E11: =COUNTIF('Raw Responses'!N$3:N$202,3) -> 0 | F11: =COUNTIF('Raw Responses'!N$3:N$202,4) -> 1 | G11: =COUNTIF('Raw Responses'!N$3:N$202,5) -> 0 | H11: =SUM(C11:G11) -> 1 | I11: =IFERROR(SUMPRODUCT(C11:G11,{1,2,3,4,5})/H11,0) -> 4 | J11: =IFERROR(stdev.s('Raw Responses'!N$3:N$202),0) -> 0 | K11: =IF(H11=0,"",IF(I11>=Legend!$A$13,Legend!$C$13,IF(I11>=Legend!$A$14,Legend!$C$14,IF(I11>=Legend!$A$15,Legend!$C$15,IF(I11>=Legend!$A$16,Legend!$C$16,IF(I11>=Legend!$A$17,Legend!$C$17,"")))))) -> Agree
A12: SYSQ2 | B12: The spoken output was clear and understandable. | C12: =COUNTIF('Raw Responses'!O$3:O$202,1) -> 0 | D12: =COUNTIF('Raw Responses'!O$3:O$202,2) -> 0 | E12: =COUNTIF('Raw Responses'!O$3:O$202,3) -> 0 | F12: =COUNTIF('Raw Responses'!O$3:O$202,4) -> 0 | G12: =COUNTIF('Raw Responses'!O$3:O$202,5) -> 1 | H12: =SUM(C12:G12) -> 1 | I12: =IFERROR(SUMPRODUCT(C12:G12,{1,2,3,4,5})/H12,0) -> 5 | J12: =IFERROR(stdev.s('Raw Responses'!O$3:O$202),0) -> 0 | K12: =IF(H12=0,"",IF(I12>=Legend!$A$13,Legend!$C$13,IF(I12>=Legend!$A$14,Legend!$C$14,IF(I12>=Legend!$A$15,Legend!$C$15,IF(I12>=Legend!$A$16,Legend!$C$16,IF(I12>=Legend!$A$17,Legend!$C$17,"")))))) -> Strongly Agree
A13: SYSQ3 | B13: The device worked reliably throughout my testing session. | C13: =COUNTIF('Raw Responses'!P$3:P$202,1) -> 0 | D13: =COUNTIF('Raw Responses'!P$3:P$202,2) -> 0 | E13: =COUNTIF('Raw Responses'!P$3:P$202,3) -> 0 | F13: =COUNTIF('Raw Responses'!P$3:P$202,4) -> 1 | G13: =COUNTIF('Raw Responses'!P$3:P$202,5) -> 0 | H13: =SUM(C13:G13) -> 1 | I13: =IFERROR(SUMPRODUCT(C13:G13,{1,2,3,4,5})/H13,0) -> 4 | J13: =IFERROR(stdev.s('Raw Responses'!P$3:P$202),0) -> 0 | K13: =IF(H13=0,"",IF(I13>=Legend!$A$13,Legend!$C$13,IF(I13>=Legend!$A$14,Legend!$C$14,IF(I13>=Legend!$A$15,Legend!$C$15,IF(I13>=Legend!$A$16,Legend!$C$16,IF(I13>=Legend!$A$17,Legend!$C$17,"")))))) -> Agree
A14: BI1 | B14: I would be willing to use this device regularly if it were available. | C14: =COUNTIF('Raw Responses'!Q$3:Q$202,1) -> 0 | D14: =COUNTIF('Raw Responses'!Q$3:Q$202,2) -> 0 | E14: =COUNTIF('Raw Responses'!Q$3:Q$202,3) -> 0 | F14: =COUNTIF('Raw Responses'!Q$3:Q$202,4) -> 1 | G14: =COUNTIF('Raw Responses'!Q$3:Q$202,5) -> 0 | H14: =SUM(C14:G14) -> 1 | I14: =IFERROR(SUMPRODUCT(C14:G14,{1,2,3,4,5})/H14,0) -> 4 | J14: =IFERROR(stdev.s('Raw Responses'!Q$3:Q$202),0) -> 0 | K14: =IF(H14=0,"",IF(I14>=Legend!$A$13,Legend!$C$13,IF(I14>=Legend!$A$14,Legend!$C$14,IF(I14>=Legend!$A$15,Legend!$C$15,IF(I14>=Legend!$A$16,Legend!$C$16,IF(I14>=Legend!$A$17,Legend!$C$17,"")))))) -> Agree
A15: BI2 | B15: I would recommend this device to others who use sign language. | C15: =COUNTIF('Raw Responses'!R$3:R$202,1) -> 0 | D15: =COUNTIF('Raw Responses'!R$3:R$202,2) -> 0 | E15: =COUNTIF('Raw Responses'!R$3:R$202,3) -> 0 | F15: =COUNTIF('Raw Responses'!R$3:R$202,4) -> 0 | G15: =COUNTIF('Raw Responses'!R$3:R$202,5) -> 1 | H15: =SUM(C15:G15) -> 1 | I15: =IFERROR(SUMPRODUCT(C15:G15,{1,2,3,4,5})/H15,0) -> 5 | J15: =IFERROR(stdev.s('Raw Responses'!R$3:R$202),0) -> 0 | K15: =IF(H15=0,"",IF(I15>=Legend!$A$13,Legend!$C$13,IF(I15>=Legend!$A$14,Legend!$C$14,IF(I15>=Legend!$A$15,Legend!$C$15,IF(I15>=Legend!$A$16,Legend!$C$16,IF(I15>=Legend!$A$17,Legend!$C$17,"")))))) -> Strongly Agree
A16: BI3 | B16: Overall, I am satisfied with the device's performance. | C16: =COUNTIF('Raw Responses'!S$3:S$202,1) -> 0 | D16: =COUNTIF('Raw Responses'!S$3:S$202,2) -> 0 | E16: =COUNTIF('Raw Responses'!S$3:S$202,3) -> 0 | F16: =COUNTIF('Raw Responses'!S$3:S$202,4) -> 0 | G16: =COUNTIF('Raw Responses'!S$3:S$202,5) -> 1 | H16: =SUM(C16:G16) -> 1 | I16: =IFERROR(SUMPRODUCT(C16:G16,{1,2,3,4,5})/H16,0) -> 5 | J16: =IFERROR(stdev.s('Raw Responses'!S$3:S$202),0) -> 0 | K16: =IF(H16=0,"",IF(I16>=Legend!$A$13,Legend!$C$13,IF(I16>=Legend!$A$14,Legend!$C$14,IF(I16>=Legend!$A$15,Legend!$C$15,IF(I16>=Legend!$A$16,Legend!$C$16,IF(I16>=Legend!$A$17,Legend!$C$17,"")))))) -> Strongly Agree
B18: Overall Weighted Mean | I18: =AVERAGE(I5:I16) -> 4.4166667 | K18: =IF(I18>=Legend!$A$13,Legend!$C$13,IF(I18>=Legend!$A$14,Legend!$C$14,IF(I18>=Legend!$A$15,Legend!$C$15,IF(I18>=Legend!$A$16,Legend!$C$16,IF(I18>=Legend!$A$17,Legend!$C$17,""))))) -> Strongly Agree
